Name,CAM-B3LYP-D3,M062X-def2TZVP,MN15L,MN15,PW6B95D3,TPSS-D3,TPSSh,wB97M-V,wB97XD,DLPNO
B_00388_L_00001_Cl_00475,17.72711031,18.7106877,17.2570099,17.48990465,15.1648791,11.93566621,16.49981883,17.22389605,14.91429701,19.36589778
B_00388_L_00001_Cl_00477,15.04223485,16.11363901,14.67803071,14.86929773,12.58750316,9.426432382,13.85716784,14.64739786,13.04671018,17.04583981
B_00388_L_00001_Cl_00490,13.83010628,15.0617319,13.97477326,14.01367199,11.69038712,8.482412598,12.81235273,13.75464865,11.92028493,15.97401752
B_00388_L_00001_Cl_00506,17.39630863,17.51520356,15.13593817,15.78249095,15.12571431,12.46640633,16.78334466,16.38331444,13.15237804,18.99350824
B_00388_L_00001_Cl_00519,9.103276785,9.804056235,7.642530203,8.459896015,7.23341589,4.229552683,8.261134763,8.924052542,5.8188075,11.12408198
B_00388_L_00069_Cl_00490,18.81408338,21.2594239,21.45115088,20.86992147,16.54115477,12.12578553,17.23145559,20.87455171,17.62119773,21.75793174
B_00388_L_00072_Cl_00490,21.23292834,24.25639841,21.97043411,22.61662357,17.83009436,14.54319288,21.26194457,23.48398335,20.1163699,23.80854422
B_00388_L_00072_Cl_00519,15.33030692,17.27008826,12.61514078,14.94045686,11.43008255,7.944884802,15.01558116,16.86217441,12.5135046,16.32462855
B_00427_L_00046_Cl_00519,37.23965265,36.19885291,31.37017076,33.65244725,34.0635181,27.50418342,37.81516239,39.08771531,36.01723245,36.43011164
