species_class,calc_stage,n,mean_s2,median_s2,p95_s2,max_s2,high_s2_n,high_s2_frac
BN_complex_r,GS_OPT,4363,0.7632567957827183,0.7623,0.7773,0.8096,6,0.0013752005500802201
BN_complex_r,GS_SPE,4363,0.7708559935823974,0.7691,0.7947899999999999,0.8494,107,0.024524409809763923
B_radical,GS_OPT,55,0.7542927272727272,0.7519,0.7667999999999999,0.7782,0,0.0
B_radical,GS_SPE,55,0.7556636363636364,0.7527,0.77347,0.7844,0,0.0
C_radical_from_Cl_p,GS_OPT,178,0.7599533707865169,0.7556,0.7794,0.7884,0,0.0
C_radical_from_Cl_p,GS_SPE,178,0.7635162921348315,0.7567,0.7938649999999999,0.8056,3,0.016853932584269662
