metric,value,p_value
Pearson r,0.9292928597376181,0.0008375479407516986
Spearman rho,0.9285714285714287,0.0008629681828999769
Kendall tau,0.7857142857142856,0.005505952380952381
Pairwise trend accuracy,0.8928571428571429,
Pairwise correct / total,25/28,
Raw MAE (kcal/mol),4.407501176613756,
Mean-aligned MAE (kcal/mol),1.3055895031210047,
Raw R2,-10.709034123640091,
Mean-aligned R2,-0.48364337655636436,
