B_smiles,B_Index,B_Atomid,N_smiles,N_Index,N_Atomid,Cl_smiles,Cl_Index,Cl_Atomid,kq,k2_M-1_s-1,log10_k2,deltaGa_exp(kcal/mol),B_label,LB_label,Cl_label,system_label,deltaGa_model(kcal/mol),deltaGa_model_mean_aligned(kcal/mol),abs_error_raw(kcal/mol),abs_error_mean_aligned(kcal/mol)
B,388,0,CN(C)c1ccncc1,234,6,O=C(Nc1ccc(F)cc1)C(Cl)(Cl)Cl,723,11,390000000.0,390000000.0,8.5910646070265,5.732835332849931,BH3,DMAP,CCl3 amide,BH3 / DMAP / CCl3 amide,6.786159521555335,2.378658344941579,1.0533241887054041,3.3541769879083523
B,388,0,CN(C)c1ccncc1,234,6,O=C(Nc1ccc(F)cc1)C(Cl)Cl,724,11,37000000.0,37000000.0,7.568201724066995,7.128272965671026,BH3,DMAP,CHCl2 amide,BH3 / DMAP / CHCl2 amide,11.774896956527673,7.367395779913917,4.646623990856647,0.23912281424289095
B,388,0,CN1[C]N(C)C=C1,146,2,O=C(Nc1ccc(F)cc1)C(Cl)(Cl)Cl,723,11,250000000.0,250000000.0,8.397940008672037,5.9963049892984435,BH3,NHC,CCl3 amide,BH3 / NHC / CCl3 amide,8.535625141336533,4.128123964722777,2.5393201520380897,1.8681810245756667
B,388,0,CN1[C]N(C)C=C1,146,2,O=C(Nc1ccc(F)cc1)C(Cl)Cl,724,11,42000000.0,42000000.0,7.623249290397901,7.053174487729283,BH3,NHC,CHCl2 amide,BH3 / NHC / CHCl2 amide,12.314342727659973,7.906841551046217,5.26116823993069,0.8536670633169336
BC#N,389,0,CN(C)c1ccncc1,234,6,O=C(Nc1ccc(F)cc1)C(Cl)(Cl)Cl,723,11,290000000.0,290000000.0,8.462397997898956,5.908368370029426,B(C#N)H2,DMAP,CCl3 amide,B(C#N)H2 / DMAP / CCl3 amide,10.447683544210802,6.040182367597046,4.539315174181376,0.1318139975676198
BC#N,389,0,CN(C)c1ccncc1,234,6,O=C(Nc1ccc(F)cc1)C(Cl)Cl,724,11,13000000.0,13000000.0,7.113943352306837,7.747993592490618,B(C#N)H2,DMAP,CHCl2 amide,B(C#N)H2 / DMAP / CHCl2 amide,13.70261417121253,9.295112994598773,5.9546205787219115,1.5471194021081551
BC#N,389,0,CN1[C]N(C)C=C1,146,2,O=C(Nc1ccc(F)cc1)C(Cl)(Cl)Cl,723,11,8400000.0,8400000.0,6.924279286061882,8.006742228345225,B(C#N)H2,NHC,CCl3 amide,B(C#N)H2 / NHC / CCl3 amide,12.7427429811372,8.335241804523443,4.736000752791975,0.3284995761782188
BC#N,389,0,CN1[C]N(C)C=C1,146,2,O=C(Nc1ccc(F)cc1)C(Cl)Cl,724,11,210000.0,210000.0,5.3222192947339195,10.192347786216057,B(C#N)H2,NHC,CHCl2 amide,B(C#N)H2 / NHC / CHCl2 amide,16.721984121900014,12.314482945286258,6.529636335683957,2.1221351590702007
