metric,value
Linear-fit slope,0.4446388747231328
Linear-fit intercept (kcal/mol),2.050380241465681
Linear-fit R2,0.8635852191593202
Linear-fit MAE (kcal/mol),0.45322129411746903
