bond,n,mean_signed_delta_A,mean_absolute_delta_A,rms_delta_A,median_signed_delta_A,max_absolute_delta_A,max_change_system,max_change_signed_delta_A
B-Cl,14,-0.00154462314375963,0.008957180522453534,0.010439891223638977,-0.0015794833760556237,0.0182883723439744,B_00388_L_00001_Cl_00506,-0.0182883723439744
C-Cl,14,0.007201736629695762,0.010192358208888086,0.011007304051958112,0.0076688350037039665,0.01692538485769779,B_00394_L_00046_Cl_00519,0.01692538485769779
